﻿{"cameraMode":{"drawMode":0,"name":"Shaded","section":"Shading Mode"},"sceneLighting":true,"audioPlay":false,"sceneViewState":{"showFog":true,"showMaterialUpdate":false,"showSkybox":false,"showFlares":true,"showImageEffects":true,"showParticleSystems":true},"in2DMode":false,"pivot":{"x":939.271728515625,"y":554.6000366210938,"z":-2.8145751953125},"rotation":{"x":-0.0029999776743352415,"y":1.727600817957864e-8,"z":3.6445790829731097e-9,"w":-0.9999955296516419},"size":1189.5634765625,"orthographic":false}